"Rk","Pk","Draft Year","Player ID","Team","Player Name","College","TOTG","TOTMP","TOTFG","TOTFGA","TOT3P","TOT3PA","TOTFT","TOTFTA","TOTORB","TRB","TOTAST","TOTSTL","TOTBLK","TOTTOV","TOTPF","TOTPTS","FG%","3P%","FT%","MPPG","PTSPG","TRBPG","ASTPG"
"1","1","2000","200001","NJN","Kenyon Martin","Cincinnati","116","2900","513","875","2","9","251","432","76","869","142","124","292","191","340","1279","0.586","0.222","0.581","25","11","7.5","1.2"
"2","2","2000","200002","VAN","Stromile Swift","LSU","50","1332","253","452","8","33","157","256","103","348","37","65","130","126","131","671","0.56","0.242","0.613","26.6","13.4","7","0.7"
"3","3","2000","200003","CHI","Marcus Fizer","Iowa State","97","3020","690","1349","21","72","429","611","100","716","94","90","89","225","257","1830","0.511","0.292","0.702","31.1","18.9","7.4","1"
"4","4","2000","200004","ORL","Mike Miller","Florida","65","1735","290","601","78","226","204","284","80","389","149","81","22","140","122","862","0.483","0.345","0.718","26.7","13.3","6","2.3"
"5","5","2000","200005","ATL","DerMarr Johnson","Cincinnati","32","879","140","293","52","140","70","95","37","123","45","31","30","46","64","402","0.478","0.371","0.737","27.5","12.6","3.8","1.4"
"6","6","2000","200006","CHI","Chris Mihm","Texas","96","2810","498","1003","9","30","399","583","116","945","55","36","264","222","287","1404","0.497","0.3","0.684","29.3","14.6","9.8","0.6"
"7","7","2000","200007","CLE","Jamal Crawford","Michigan","17","577","105","255","33","101","40","51","7","47","76","19","16","53","19","283","0.412","0.327","0.784","33.9","16.6","2.8","4.5"
"8","8","2000","200008","HOU","Joel Przybilla","Minnesota","49","1351","201","340","0","0","85","163","54","339","91","33","165","141","150","487","0.591","","0.521","27.6","9.9","6.9","1.9"
"9","9","2000","200009","ORL","Keyon Dooling","Missouri","59","1659","223","543","67","198","203","277","24","142","198","76","29","134","103","716","0.411","0.338","0.733","28.1","12.1","2.4","3.4"
"10","10","2000","200010","BOS","Jérôme Moïso","UCLA","62","1661","301","608","5","22","135","220","84","421","66","61","81","141","176","742","0.495","0.227","0.614","26.8","12","6.8","1.1"
"11","11","2000","200011","DAL","Etan Thomas","Syracuse","122","3272","495","825","0","0","350","585","100","847","51","85","424","206","341","1340","0.6","","0.598","26.8","11","6.9","0.4"
"12","12","2000","200012","ORL","Courtney Alexander","Fresno State","112","3456","805","1767","166","458","336","438","57","441","249","127","21","220","250","2112","0.456","0.362","0.767","30.9","18.9","3.9","2.2"
"13","13","2000","200013","DET","Mateen Cleaves","Michigan State","123","3760","540","1331","143","457","318","431","5","256","816","195","16","470","274","1541","0.406","0.313","0.738","30.6","12.5","2.1","6.6"
"14","14","2000","200014","MIL","Jason Collier","Georgia Tech","97","2828","479","1045","69","187","318","447","81","693","118","60","110","275","261","1345","0.458","0.369","0.711","29.2","13.9","7.1","1.2"
"15","15","2000","200015","SEA","Desmond Mason","Oklahoma State","129","3868","616","1268","130","349","340","465","55","795","147","158","92","222","271","1702","0.486","0.372","0.731","30","13.2","6.2","1.1"
"16","16","2000","200016","LAC","Quentin Richardson","DePaul","64","2190","405","893","117","317","220","302","118","652","104","59","17","138","144","1147","0.454","0.369","0.728","34.2","17.9","10.2","1.6"
"17","17","2000","200017","CHH","Jamaal Magloire","Kentucky","145","2839","394","784","0","0","276","434","116","789","62","68","268","247","389","1064","0.503","","0.636","19.6","7.3","5.4","0.4"
"18","18","2000","200018","PHI","Speedy Claxton","Hofstra","119","4056","705","1505","65","202","540","722","89","566","660","288","33","368","243","2015","0.468","0.322","0.748","34.1","16.9","4.8","5.5"
"19","19","2000","200019","TOR","Morris Peterson","Michigan State","137","3075","562","1161","146","387","318","426","79","645","127","119","42","202","299","1588","0.484","0.377","0.746","22.4","11.6","4.7","0.9"
"20","20","2000","200020","NYK","Donnell Harvey","Florida","37","746","144","284","0","1","86","141","100","258","37","27","31","60","101","374","0.507","0","0.61","20.2","10.1","7","1"
"21","21","2000","200021","DEN","Mamadou N'Diaye","Auburn","128","2785","319","630","0","2","237","370","95","798","76","88","241","249","383","875","0.506","0","0.641","21.8","6.8","6.2","0.6"
"22","22","2000","200022","POR","Erick Barkley","St. John's","65","2261","316","797","107","326","210","289","20","202","302","167","18","145","157","949","0.396","0.328","0.727","34.8","14.6","3.1","4.6"
"23","23","2000","200023","LAL","Mark Madsen","Stanford","108","2713","428","729","0","2","320","537","176","857","69","47","64","142","274","1176","0.587","0","0.596","25.1","10.9","7.9","0.6"
"24","24","2000","200024","DAL","Dan Langhi","Vanderbilt","121","2957","485","1091","138","360","394","474","47","559","82","58","26","190","187","1502","0.445","0.383","0.831","24.4","12.4","4.6","0.7"
"25","25","2000","200025","CHI","A.J. Guyton","Indiana","128","4348","747","1642","283","684","323","409","17","429","403","129","52","297","171","2100","0.455","0.414","0.79","34","16.4","3.4","3.1"
"26","26","2000","200026","CHI","Jake Voskuhl","UConn","138","3061","323","596","0","0","217","331","288","880","124","86","193","226","437","863","0.542","","0.656","22.2","6.3","6.4","0.9"
"27","27","2000","200027","CHI","Khalid El-Amin","UConn","108","3255","580","1395","195","550","295","359","80","319","479","186","10","288","223","1650","0.416","0.355","0.822","30.1","15.3","3","4.4"
"28","28","2000","200028","WAS","Mike Smith","Louisiana-Monroe","55","1938","353","824","130","409","226","294","125","449","147","90","42","241","110","1062","0.428","0.318","0.769","35.2","19.3","8.2","2.7"
"29","29","2000","200029","MIA","Eddie House","Arizona State","124","4136","763","1794","250","683","268","336","50","502","405","258","19","238","299","2044","0.425","0.366","0.798","33.4","16.5","4","3.3"
"30","30","2000","200030","HOU","Eduardo Nájera","Oklahoma","126","3856","612","1423","85","295","337","504","98","910","215","193","89","257","364","1646","0.43","0.288","0.669","30.6","13.1","7.2","1.7"
"31","31","2000","200031","NYK","Lavor Postell","St. John's","129","3776","494","1148","92","282","347","440","93","716","205","129","58","226","299","1427","0.43","0.326","0.789","29.3","11.1","5.6","1.6"
"32","32","2000","200032","ATL","Hanno Möttölä","Utah","120","3120","538","1075","71","213","345","446","65","551","139","37","50","237","335","1492","0.5","0.333","0.774","26","12.4","4.6","1.2"
"33","33","2000","200033","MIL","Michael Redd","Ohio State","96","3324","699","1562","126","395","355","547","207","593","238","149","11","255","184","1879","0.448","0.319","0.649","34.6","19.6","6.2","2.5"
"34","34","2000","200034","DET","Brian Cardinal","Purdue","132","3693","495","1074","130","356","464","610","61","749","277","259","44","253","409","1584","0.461","0.365","0.761","28","12","5.7","2.1"
"35","35","2000","200035","SAC","Jabari Smith","LSU","61","1777","271","509","25","84","200","313","83","501","126","56","65","183","157","767","0.532","0.298","0.639","29.1","12.6","8.2","2.1"
"36","36","2000","200036","MIL","Jason Hart","Syracuse","132","4492","525","1337","139","426","314","441","16","433","709","329","14","436","361","1503","0.393","0.326","0.712","34","11.4","3.3","5.4"
"37","37","2000","200037","UTA","Kaniel Dickens","Idaho","72","1223","228","489","17","51","155","251","30","389","36","47","39","112","96","628","0.466","0.333","0.618","22.2","8.7","5.4","0.5"
"38","38","2000","200038","MIA","Ernest Brown","Indian Hills Community College","33","","168","276","0","0","59","113","","227","21","","","","","395","0.609","","0.522","","12","6.9","0.6"
"39","39","2000","200039","DEN","Dan McClintock","Northern Arizona University","115","2180","542","858","0","1","279","428","50","486","79","40","196","204","227","1363","0.632","0","0.652","19","11.9","4.2","0.7"
"40","40","2000","200040","GSW","Chris Porter","Auburn","56","1617","320","685","12","39","207","318","94","450","64","116","22","125","146","859","0.467","0.308","0.651","28.9","15.3","8","1.1"
"1","1","2001","200101","GSW","Jason Richardson","Michigan State","70","1522","261","519","57","149","96","148","120","348","96","58","34","80","130","675","0.503","0.383","0.649","21.7","9.6","5","1.4"
"2","2","2001","200102","MEM","Shane Battier","Duke","146","4336","651","1303","246","592","436","561","183","887","239","266","254","161","296","1984","0.5","0.416","0.777","29.7","13.6","6.1","1.6"
"3","3","2001","200103","NJN","Eddie Griffin","Seton Hall","30","979","206","480","41","128","80","109","94","323","49","26","133","67","71","533","0.429","0.32","0.734","32.6","17.8","10.8","1.6"
"4","4","2001","200104","DET","Rodney White","UNC Charlotte","28","865","188","386","33","95","114","160","50","182","41","34","20","82","73","523","0.487","0.347","0.713","30.9","18.7","6.5","1.5"
"5","5","2001","200105","BOS","Joe Johnson","Arkansas","53","1605","302","648","63","155","128","170","109","325","127","88","24","132","90","795","0.466","0.406","0.753","30.3","15","6.1","2.4"
"6","6","2001","200106","BOS","Kedrick Brown","Okaloosa-Walton Community College","62","","453","836","114","294","211","279","","597","208","","","","","1231","0.542","0.388","0.756","","19.9","9.6","3.4"
"7","7","2001","200107","HOU","Richard Jefferson","Arizona","84","2211","335","684","60","163","214","298","83","416","232","51","63","227","219","944","0.49","0.368","0.718","26.3","11.2","5","2.8"
"8","8","2001","200108","GSW","Troy Murphy","Notre Dame","94","3298","680","1370","64","191","587","755","180","924","158","113","126","284","274","2011","0.496","0.335","0.777","35.1","21.4","9.8","1.7"
"9","9","2001","200109","ORL","Steven Hunter","DePaul","63","1552","252","430","0","2","120","200","129","297","24","11","128","101","141","624","0.586","0","0.6","24.6","9.9","4.7","0.4"
"10","10","2001","200110","CHH","Kirk Haston","Indiana","96","2572","544","1150","26","71","292","407","137","748","111","80","104","195","255","1406","0.473","0.366","0.717","26.8","14.6","7.8","1.2"
"11","11","2001","200111","TOR","Michael Bradley","Villanova","100","2085","441","651","12","34","193","357","107","540","133","64","102","165","187","1087","0.677","0.353","0.541","20.9","10.9","5.4","1.3"
"12","12","2001","200112","HOU","Jason Collins","Stanford","73","1606","262","428","12","27","249","348","149","484","55","34","89","109","166","785","0.612","0.444","0.716","22","10.8","6.6","0.8"
"13","13","2001","200113","POR","Zach Randolph","Michigan State","33","654","138","235","0","1","80","126","101","221","34","24","22","53","60","356","0.587","0","0.635","19.8","10.8","6.7","1"
"14","14","2001","200114","CLE","Brendan Haywood","UNC","141","3315","541","849","0","0","329","557","201","839","118","47","304","223","345","1411","0.637","","0.591","23.5","10","6","0.8"
"15","15","2001","200115","BOS","Joseph Forte","UNC","69","2340","479","1055","111","302","221","273","99","399","210","121","27","169","138","1290","0.454","0.368","0.81","33.9","18.7","5.8","3"
"16","16","2001","200116","ORL","Jeryl Sasser","SMU","117","4052","674","1711","133","475","511","720","208","976","369","197","67","323","186","1992","0.394","0.28","0.71","34.6","17","8.3","3.2"
"17","17","2001","200117","HOU","Brandon Armstrong","Pepperdine","65","1974","430","980","142","363","173","210","76","209","96","110","14","126","168","1175","0.439","0.391","0.824","30.4","18.1","3.2","1.5"
"18","18","2001","200118","SAC","Gerald Wallace","Alabama","36","824","126","288","11","63","88","155","84","216","55","42","37","86","87","351","0.438","0.175","0.568","22.9","9.8","6","1.5"
"19","19","2001","200119","PHI","Samuel Dalembert","Seton Hall","59","1265","175","326","0","0","69","128","112","345","19","22","167","117","187","419","0.537","","0.539","21.4","7.1","5.8","0.3"
"20","20","2001","200120","MEM","Jamaal Tinsley","Iowa State","68","2211","284","732","52","159","230","336","48","306","431","177","56","273","198","850","0.388","0.327","0.685","32.5","12.5","4.5","6.3"
"21","21","2001","200121","CHI","Trenton Hassell","Austin Peay State University","84","3044","579","1228","122","354","346","444","161","685","375","90","55","283","154","1626","0.471","0.345","0.779","36.2","19.4","8.2","4.5"
"22","22","2001","200122","GSW","Gilbert Arenas","Arizona","70","2137","395","847","107","296","208","282","68","269","155","136","16","188","165","1105","0.466","0.361","0.738","30.5","15.8","3.8","2.2"
"23","23","2001","200123","ORL","Omar Cook","St. John's","29","1107","141","392","68","220","95","128","18","88","252","66","5","148","82","445","0.36","0.309","0.742","38.2","15.3","3","8.7"
"24","24","2001","200124","MEM","Will Solomon","Clemson","94","2739","469","1195","214","585","279","389","41","259","246","112","40","323","235","1431","0.392","0.366","0.717","29.1","15.2","2.8","2.6"
"25","25","2001","200125","ATL","Terence Morris","Maryland","136","3607","644","1300","101","299","344","441","184","925","229","162","256","274","319","1733","0.495","0.338","0.78","26.5","12.7","6.8","1.7"
"26","26","2001","200126","NJN","Brian Scalabrine","USC","92","3037","528","1030","46","134","339","440","141","560","249","89","81","312","248","1441","0.513","0.343","0.77","33","15.7","6.1","2.7"
"27","27","2001","200127","CLE","Jeff Trepagnier","USC","106","2898","431","915","61","205","205","311","112","546","152","204","105","195","275","1128","0.471","0.298","0.659","27.3","10.6","5.2","1.4"
"28","28","2001","200128","PHI","Damone Brown","Syracuse","113","2917","490","985","20","89","230","310","190","683","125","118","96","163","284","1230","0.497","0.225","0.742","25.8","10.9","6","1.1"
"29","29","2001","200129","SEA","Earl Watson","UCLA","129","4371","518","1150","133","390","280","428","87","484","607","235","49","420","372","1449","0.45","0.341","0.654","33.9","11.2","3.8","4.7"
"30","30","2001","200130","IND","Jamison Brewer","Auburn","58","1347","119","261","13","59","77","146","106","273","236","63","3","125","74","328","0.456","0.22","0.527","23.2","5.7","4.7","4.1"
"31","31","2001","200131","SEA","Bobby Simmons","DePaul","93","2939","403","941","121","366","336","429","179","700","207","124","17","236","271","1263","0.428","0.331","0.783","31.6","13.6","7.5","2.2"
"32","32","2001","200132","CHI","Sean Lampley","California","123","3750","661","1338","17","81","437","651","46","889","295","86","69","337","308","1776","0.494","0.21","0.671","30.5","14.4","7.2","2.4"
"33","33","2001","200133","MIN","Loren Woods","Arizona","107","2778","421","854","2","9","344","462","108","697","135","55","281","195","209","1188","0.493","0.222","0.745","26","11.1","6.5","1.3"
"34","34","2001","200134","MIA","Ken Johnson","Ohio State","127","3562","416","771","0","0","223","354","267","739","58","37","444","189","376","1055","0.54","","0.63","28","8.3","5.8","0.5"
"35","35","2001","200135","POR","Ruben Boumtje-Boumtje","Georgetown","101","2463","345","711","0","2","283","426","180","710","91","82","255","270","279","973","0.485","0","0.664","24.4","9.6","7","0.9"
"36","36","2001","200136","PHO","Alton Ford","Houston","26","663","95","220","9","34","81","133","42","154","17","5","19","66","97","280","0.432","0.265","0.609","25.5","10.8","5.9","0.7"
"37","37","2001","200137","UTA","Jarron Collins","Stanford","129","2789","370","711","4","16","337","504","182","706","137","73","68","149","301","1081","0.52","0.25","0.669","21.6","8.4","5.5","1.1"
"38","38","2001","200138","DAL","Kenny Satterfield","Cincinnati","68","2142","267","663","65","201","209","268","71","278","355","98","10","221","165","808","0.403","0.323","0.78","31.5","11.9","4.1","5.2"
"39","39","2001","200139","PHI","Alvin Jones","Georgia Tech","124","3880","450","921","0","4","412","718","158","1075","170","88","425","324","348","1312","0.489","0","0.574","31.3","10.6","8.7","1.4"
"1","1","2002","200201","CHI","Jay Williams","Duke","108","3572","713","1575","313","797","340","507","58","395","644","235","14","424","253","2079","0.453","0.393","0.671","33.1","19.3","3.7","6"
"2","2","2002","200202","GSW","Mike Dunleavy","Duke","104","2994","499","1050","179","483","194","278","113","601","225","166","55","202","213","1371","0.475","0.371","0.698","28.8","13.2","5.8","2.2"
"3","3","2002","200203","MEM","Drew Gooden","Kansas","98","2566","594","1205","19","62","319","457","297","905","156","104","107","251","241","1526","0.493","0.306","0.698","26.2","15.6","9.2","1.6"
"4","4","2002","200204","CLE","Dajuan Wagner","Memphis","36","1146","265","647","66","208","166","230","18","89","128","43","20","105","101","762","0.41","0.317","0.722","31.8","21.2","2.5","3.6"
"5","5","2002","200205","LAC","Chris Wilcox","Maryland","70","1160","224","431","0","2","106","180","123","330","69","34","71","72","141","554","0.52","0","0.589","16.6","7.9","4.7","1"
"6","6","2002","200206","MIA","Caron Butler","UConn","63","2173","404","868","44","121","284","370","208","477","190","134","22","168","151","1136","0.465","0.364","0.768","34.5","18","7.6","3"
"7","7","2002","200207","WAS","Jared Jeffries","Indiana","70","2283","353","785","39","120","263","409","170","507","156","85","88","202","188","1008","0.45","0.325","0.643","32.6","14.4","7.2","2.2"
"8","8","2002","200208","LAC","Melvin Ely","Fresno State","124","4031","789","1367","1","3","372","574","350","924","139","97","361","303","346","1951","0.577","0.333","0.648","32.5","15.7","7.5","1.1"
"9","9","2002","200209","MIL","Marcus Haislip","Tennessee","89","1525","276","521","38","102","155","220","110","307","41","28","116","94","216","745","0.53","0.373","0.705","17.1","8.4","3.4","0.5"
"10","10","2002","200210","IND","Fred Jones","Oregon","125","3527","554","1151","147","435","389","483","153","631","367","148","74","305","313","1644","0.481","0.338","0.805","28.2","13.2","5","2.9"
"11","11","2002","200211","WAS","Juan Dixon","Maryland","141","4002","802","1713","239","615","426","501","171","599","371","333","26","355","283","2269","0.468","0.389","0.85","28.4","16.1","4.2","2.6"
"12","12","2002","200212","ORL","Curtis Borchardt","Stanford","66","1426","233","436","15","40","190","275","156","478","82","27","144","90","151","671","0.534","0.375","0.691","21.6","10.2","7.2","1.2"
"13","13","2002","200213","UTA","Ryan Humphrey","Notre Dame","123","3543","647","1308","8","22","331","618","203","1038","158","105","285","273","354","1633","0.495","0.364","0.536","28.8","13.3","8.4","1.3"
"14","14","2002","200214","TOR","Kareem Rush","Missouri","84","2536","550","1235","226","536","258","332","132","456","174","102","47","233","194","1584","0.445","0.422","0.777","30.2","18.9","5.4","2.1"
"15","15","2002","200215","POR","Qyntel Woods","Northeast Mississippi Community College","84","2536","550","1235","226","536","258","332","132","456","174","102","47","233","194","1584","0.445","0.422","0.777","30.2","18.9","5.4","2.1"
"16","16","2002","200216","PHO","Casey Jacobsen","Stanford","95","3020","547","1163","222","520","407","528","105","364","254","50","7","193","133","1723","0.47","0.427","0.771","31.8","18.1","3.8","2.7"
"17","17","2002","200217","DET","Tayshaun Prince","Kentucky","135","4018","648","1419","204","621","275","370","188","757","254","110","142","224","195","1775","0.457","0.329","0.743","29.8","13.1","5.6","1.9"
"18","18","2002","200218","DEN","Frank Williams","Illinois","101","3202","467","1180","135","414","371","460","73","399","432","212","28","275","185","1440","0.396","0.326","0.807","31.7","14.3","4","4.3"
"19","19","2002","200219","SAS","John Salmons","Miami (FL)","124","3814","444","953","86","268","313","389","201","687","433","192","81","321","316","1287","0.466","0.321","0.805","30.8","10.4","5.5","3.5"
"20","20","2002","200220","LAL","Chris Jefferies","Fresno State","88","2460","386","886","119","352","248","395","66","425","161","98","102","208","199","1139","0.436","0.338","0.628","28","12.9","4.8","1.8"
"21","21","2002","200221","SAC","Dan Dickau","Gonzaga","97","2477","379","841","215","465","317","371","27","236","362","66","7","251","175","1290","0.451","0.462","0.854","25.5","13.3","2.4","3.7"
"22","22","2002","200222","CHI","Roger Mason","Virginia","89","2634","388","889","137","365","318","366","66","269","230","90","33","195","209","1231","0.436","0.375","0.869","29.6","13.8","3","2.6"
"23","23","2002","200223","MEM","Robert Archibald","Illinois","130","2104","258","453","0","1","286","420","176","539","107","65","81","203","390","802","0.57","0","0.681","16.2","6.2","4.1","0.8"
"24","24","2002","200224","DEN","Vincent Yarbrough","Tennessee","127","3859","613","1394","179","526","332","483","220","862","293","211","131","283","240","1737","0.44","0.34","0.687","30.4","13.7","6.8","2.3"
"25","25","2002","200225","MIL","Dan Gadzuric","UCLA","122","2946","548","1000","0","1","191","425","284","896","75","88","184","216","342","1287","0.548","0","0.449","24.1","10.5","7.3","0.6"
"26","26","2002","200226","CLE","Carlos Boozer","Duke","101","2620","554","878","0","1","398","537","179","724","115","96","72","157","288","1506","0.631","0","0.741","25.9","14.9","7.2","1.1"
"27","27","2002","200227","HOU","Tito Maddox","Fresno State","25","807","110","281","20","70","97","138","31","144","200","41","5","130","67","337","0.391","0.286","0.703","32.3","13.5","5.8","8"
"28","28","2002","200228","MIL","Ronald Murray","Shaw","90","2078","684","1414","118","345","482","654","","507","370","99","37","261","133","1968","0.484","0.342","0.737","37.1","21.9","5.6","4.1"
"29","29","2002","200229","CHI","Lonny Baxter","Maryland","138","3373","712","1287","3","5","431","718","307","998","96","120","227","225","408","1858","0.553","0.6","0.6","24.4","13.5","7.2","0.7"
"30","30","2002","200230","MEM","Matt Barnes","UCLA","121","2731","402","857","61","194","201","355","159","584","245","115","45","240","272","1066","0.469","0.314","0.566","22.6","8.8","4.8","2"
"31","31","2002","200231","UTA","Jamal Sampson","California","32","797","78","183","0","0","50","95","79","209","38","15","54","53","85","206","0.426","","0.526","24.9","6.4","6.5","1.2"
"32","32","2002","200232","MIL","Chris Owens","Texas","106","2646","408","900","15","65","315","527","210","675","90","101","189","180","290","1146","0.453","0.231","0.598","25","10.8","6.4","0.8"
"33","33","2002","200233","BOS","Darius Songaila","Wake Forest","130","3401","636","1245","12","35","575","692","198","813","229","141","96","359","431","1859","0.511","0.343","0.831","26.2","14.3","6.3","1.8"
"34","34","2002","200234","MIA","Rasual Butler","La Salle","110","4211","752","1837","282","785","339","409","167","650","177","108","120","292","172","2125","0.409","0.359","0.829","38.3","19.3","5.9","1.6"
"35","35","2002","200235","NJN","Tamar Slay","Marshall","114","3279","626","1414","251","650","289","386","123","507","249","142","53","279","239","1792","0.443","0.386","0.749","28.8","15.7","4.4","2.2"
"36","36","2002","200236","SAS","Randy Holcomb","San Diego State","93","2349","446","942","39","124","235","365","179","574","115","63","66","258","196","1166","0.473","0.315","0.644","25.3","12.5","6.2","1.2"
"37","37","2002","200237","SAC","Corsley Edwards","Central Connecticut State University","123","3398","652","1280","0","2","427","621","413","967","93","116","198","259","343","1731","0.509","0","0.688","27.6","14.1","7.9","0.8"
"1","1","2003","200301","DEN","Carmelo Anthony","Syracuse","35","1274","277","612","56","166","168","238","101","349","77","55","30","77","77","778","0.453","0.337","0.706","36.4","22.2","10","2.2"
"2","2","2003","200302","TOR","Chris Bosh","Georgia Tech","31","960","168","300","22","46","127","174","95","278","38","30","67","72","73","485","0.56","0.478","0.73","31","15.6","9","1.2"
"3","3","2003","200303","MIA","Dwyane Wade","Marquette","65","1993","474","959","32","96","301","404","141","420","255","150","79","203","156","1281","0.494","0.333","0.745","30.7","19.7","6.5","3.9"
"4","4","2003","200304","LAC","Chris Kaman","Central Michigan University","83","2179","446","733","0","0","358","502","227","707","65","42","182","257","234","1250","0.608","","0.713","26.3","15.1","8.5","0.8"
"5","5","2003","200305","CHI","Kirk Hinrich","Kansas","141","4188","615","1247","235","546","288","371","114","532","668","206","57","380","382","1753","0.493","0.43","0.776","29.7","12.4","3.8","4.7"
"6","6","2003","200306","MIL","T.J. Ford","Texas","66","2178","282","695","23","101","266","332","43","253","527","138","9","238","174","853","0.406","0.228","0.801","33","12.9","3.8","8"
"7","7","2003","200307","NYK","Mike Sweetney","Georgetown","96","2781","608","1117","0","4","534","735","349","887","174","101","180","236","224","1750","0.544","0","0.727","29","18.2","9.2","1.8"
"8","8","2003","200308","WAS","Jarvis Hayes","Georgia","84","2636","575","1258","157","426","203","263","115","422","127","111","39","146","189","1510","0.457","0.369","0.772","31.4","18","5","1.5"
"9","9","2003","200309","SEA","Nick Collison","Kansas","142","3888","858","1526","23","64","358","574","390","1143","257","155","243","346","413","2097","0.562","0.359","0.624","27.4","14.8","8","1.8"
"10","10","2003","200310","MEM","Marcus Banks","UNLV","63","2160","381","770","65","197","312","427","48","210","269","158","10","225","183","1139","0.495","0.33","0.731","34.3","18.1","3.3","4.3"
"11","11","2003","200311","SEA","Luke Ridnour","Oregon","96","3226","431","1005","203","522","334","389","42","285","500","150","10","303","198","1399","0.429","0.389","0.859","33.6","14.6","3","5.2"
"12","12","2003","200312","ORL","Reece Gaines","Louisville","125","3946","632","1398","225","588","456","608","88","424","475","192","28","332","316","1945","0.452","0.383","0.75","31.6","15.6","3.4","3.8"
"13","13","2003","200313","BOS","Troy Bell","Boston College","122","4357","761","1794","300","807","810","933","209","493","427","272","35","351","284","2632","0.424","0.372","0.868","35.7","21.6","4","3.5"
"14","14","2003","200314","NOH","David West","Xavier","126","4210","726","1366","18","55","662","874","445","1308","267","174","228","320","350","2132","0.531","0.327","0.757","33.4","16.9","10.4","2.1"
"15","15","2003","200315","BOS","Dahntay Jones","Duke","131","3907","636","1406","109","317","430","577","144","598","181","133","81","278","398","1811","0.452","0.344","0.745","29.8","13.8","4.6","1.4"
"16","16","2003","200316","LAL","Brian Cook","Illinois","132","3389","635","1246","94","277","384","484","228","815","171","92","136","266","394","1748","0.51","0.339","0.793","25.7","13.2","6.2","1.3"
"17","17","2003","200317","DAL","Josh Howard","Wake Forest","127","3536","645","1335","109","309","362","511","351","836","239","215","143","275","373","1761","0.483","0.353","0.708","27.8","13.9","6.6","1.9"
"18","18","2003","200318","CLE","Jason Kapono","UCLA","127","4313","699","1491","317","710","380","458","191","647","265","108","8","286","294","2095","0.469","0.446","0.83","34","16.5","5.1","2.1"
"19","19","2003","200319","LAL","Luke Walton","Arizona","129","3514","420","985","65","229","274","400","195","662","582","151","58","336","236","1179","0.426","0.284","0.685","27.2","9.1","5.1","4.5"
"20","20","2003","200320","MIA","Jerome Beasley","University of North Dakota","123","1785","754","1462","47","100","333","465","","793","59","44","34","103","122","1888","0.516","0.47","0.716","30.8","15.3","6.4","0.5"
"21","21","2003","200321","ATL","Travis Hansen","BYU","117","2356","483","1101","105","277","413","541","119","574","262","63","37","169","243","1484","0.439","0.379","0.763","27.4","12.7","4.9","2.2"
"22","22","2003","200322","WAS","Steve Blake","Maryland","138","4313","374","932","182","478","209","271","84","465","972","234","38","453","290","1139","0.401","0.381","0.771","31.3","8.3","3.4","7"
"23","23","2003","200323","GSW","Derrick Zimmerman","Mississippi State","127","3302","317","665","38","142","198","330","103","418","513","205","89","331","273","870","0.477","0.268","0.6","26","6.9","3.3","4"
"24","24","2003","200324","SEA","Willie Green","Detroit Mercy","124","3721","649","1409","120","341","361","477","129","519","270","117","35","246","290","1779","0.461","0.352","0.757","30","14.3","4.2","2.2"
"25","25","2003","200325","MIL","Keith Bogans","Kentucky","135","3913","671","1535","254","743","327","475","201","552","314","154","15","304","264","1923","0.437","0.342","0.688","29","14.2","4.1","2.3"
"26","26","2003","200326","CHI","Matt Bonner","Florida","131","3281","580","1154","165","418","245","331","268","778","158","94","64","176","260","1570","0.503","0.395","0.74","25","12","5.9","1.2"
"27","27","2003","200327","UTA","Mo Williams","Alabama","64","2159","283","698","90","306","182","215","63","250","271","95","9","189","152","838","0.405","0.294","0.847","33.7","13.1","3.9","4.2"
"28","28","2003","200328","IND","James Jones","Miami (FL)","122","3351","464","1090","124","324","304","366","212","606","142","137","192","188","262","1356","0.426","0.383","0.831","27.5","11.1","5","1.2"
"29","29","2003","200329","NJN","Kyle Korver","Creighton","128","3540","559","1184","371","819","312","350","171","664","294","172","58","231","297","1801","0.472","0.453","0.891","27.7","14.1","5.2","2.3"
"30","30","2003","200330","BOS","Brandon Hunter","Ohio University","119","3881","706","1385","39","115","561","923","314","1103","252","95","87","402","313","2012","0.51","0.339","0.608","32.6","16.9","9.3","2.1"
"1","1","2004","200401","CHA","Emeka Okafor","UConn","103","3274","587","995","0","0","252","447","353","1091","81","91","441","206","271","1426","0.59","","0.564","31.8","13.8","10.6","0.8"
"2","2","2004","200402","CHI","Ben Gordon","UConn","106","3291","590","1342","246","581","369","464","83","415","437","125","19","302","243","1795","0.44","0.423","0.795","31","16.9","3.9","4.1"
"3","3","2004","200403","WAS","Devin Harris","Wisconsin","96","3356","438","980","187","499","362","465","63","391","295","164","40","170","199","1425","0.447","0.375","0.778","35","14.8","4.1","3.1"
"4","4","2004","200404","ATL","Josh Childress","Stanford","86","2458","386","881","104","310","185","245","161","583","155","77","95","150","182","1061","0.438","0.335","0.755","28.6","12.3","6.8","1.8"
"5","5","2004","200405","PHO","Luol Deng","Duke","37","1149","210","441","40","111","98","138","82","255","68","49","39","83","82","558","0.476","0.36","0.71","31.1","15.1","6.9","1.8"
"6","6","2004","200406","PHI","Andre Iguodala","Arizona","62","1576","205","483","32","117","152","206","134","409","213","95","29","132","136","594","0.424","0.274","0.738","25.4","9.6","6.6","3.4"
"7","7","2004","200407","CLE","Luke Jackson","Oregon","126","3665","645","1398","174","433","506","596","214","746","424","160","37","295","233","1970","0.461","0.402","0.849","29.1","15.6","5.9","3.4"
"8","8","2004","200408","UTA","Kris Humphries","Minnesota","29","990","221","498","17","50","170","229","91","294","20","27","33","82","65","629","0.444","0.34","0.742","34.1","21.7","10.1","0.7"
"9","9","2004","200409","UTA","Kirk Snyder","Nevada","84","2586","477","1120","106","342","344","508","195","537","224","76","63","263","200","1404","0.426","0.31","0.677","30.8","16.7","6.4","2.7"
"10","10","2004","200410","DEN","Jameer Nelson","Saint Joseph's","125","4311","703","1550","229","628","459","584","131","581","713","250","10","379","271","2094","0.454","0.365","0.786","34.5","16.8","4.6","5.7"
"11","11","2004","200411","BOS","Delonte West","Saint Joseph's","89","2384","450","920","113","300","222","267","93","377","270","121","15","176","167","1235","0.489","0.377","0.831","26.8","13.9","4.2","3"
"12","12","2004","200412","BOS","Tony Allen","Oklahoma State","99","3072","574","1176","64","182","337","512","115","560","301","134","54","188","197","1549","0.488","0.352","0.658","31","15.6","5.7","3"
"13","13","2004","200413","SAC","Kevin Martin","Western Carolina University","79","2515","565","1224","174","503","534","635","75","354","133","134","30","232","168","1838","0.462","0.346","0.841","31.8","23.3","4.5","1.7"
"14","14","2004","200414","IND","David Harrison","Colorado","88","2480","489","813","0","1","339","613","302","707","52","54","225","212","300","1317","0.601","0","0.553","28.2","15","8","0.6"
"15","15","2004","200415","CHI","Jackson Vroman","Iowa State","63","1930","341","611","1","13","151","295","198","598","131","77","70","179","228","834","0.558","0.077","0.512","30.6","13.2","9.5","2.1"
"16","16","2004","200416","LAC","Lionel Chalmers","Xavier","123","3897","512","1205","235","632","297","415","61","361","405","154","7","336","265","1556","0.425","0.372","0.716","31.7","12.7","2.9","3.3"
"17","17","2004","200417","SEA","Andre Emmett","Texas Tech","128","4140","882","1765","54","173","438","623","266","765","201","164","43","240","172","2256","0.5","0.312","0.703","32.3","17.6","6","1.6"
"18","18","2004","200418","ORL","Antonio Burks","Memphis","91","2786","391","834","63","157","183","272","41","233","487","177","15","205","208","1028","0.469","0.401","0.673","30.6","11.3","2.6","5.4"
"19","19","2004","200419","ATL","Royal Ivey","Texas","133","3287","367","807","53","157","249","351","151","406","300","124","25","195","353","1036","0.455","0.338","0.709","24.7","7.8","3.1","2.3"
"20","20","2004","200420","CHI","Chris Duhon","Duke","144","4813","432","1033","162","505","242","349","109","489","819","300","16","355","268","1268","0.418","0.321","0.693","33.4","8.8","3.4","5.7"
"21","21","2004","200421","BOS","Justin Reed","Ole Miss","122","3496","679","1425","45","158","382","540","290","766","132","123","89","290","388","1785","0.476","0.285","0.707","28.7","14.6","6.3","1.1"
"22","22","2004","200422","NYK","Trevor Ariza","UCLA","25","789","107","251","18","76","57","113","61","162","52","42","11","81","69","289","0.426","0.237","0.504","31.6","11.6","6.5","2.1"
"23","23","2004","200423","CHA","Bernard Robinson","Michigan","120","3666","550","1251","69","232","336","413","159","640","364","169","47","352","305","1505","0.44","0.297","0.814","30.6","12.5","5.3","3"
"24","24","2004","200424","MIA","Pape Sow","Cal State Fullerton","72","2334","381","814","20","68","353","529","205","654","56","104","61","187","258","1135","0.468","0.294","0.667","32.4","15.8","9.1","0.8"
"25","25","2004","200425","MIA","Matt Freije","Vanderbilt","121","3472","632","1412","183","515","444","565","192","591","114","79","71","172","262","1891","0.448","0.355","0.786","28.7","15.6","4.9","0.9"
"26","26","2004","200426","HOU","Luis Flores","Manhattan College","119","3654","683","1514","166","438","628","722","146","446","229","175","21","303","251","2160","0.451","0.379","0.87","30.7","18.2","3.7","1.9"
"1","1","2005","200501","MIL","Andrew Bogut","Utah","68","2226","449","744","13","36","215","319","236","753","155","48","109","183","158","1126","0.603","0.361","0.674","32.7","16.6","11.1","2.3"
"2","2","2005","200502","ATL","Marvin Williams","UNC","36","800","125","247","19","44","138","163","65","236","26","39","17","56","92","407","0.506","0.432","0.847","22.2","11.3","6.6","0.7"
"3","3","2005","200503","UTA","Deron Williams","Illinois","101","3200","400","947","163","436","148","216","43","334","594","115","22","243","224","1111","0.422","0.374","0.685","31.7","11","3.3","5.9"
"4","4","2005","200504","NOH","Chris Paul","Wake Forest","63","2110","278","589","86","183","306","365","43","245","395","160","13","171","163","948","0.472","0.47","0.838","33.5","15","3.9","6.3"
"5","5","2005","200505","CHA","Raymond Felton","UNC","101","3421","414","978","174","464","258","353","69","417","698","192","27","361","233","1260","0.423","0.375","0.731","33.9","12.5","4.1","6.9"
"6","6","2005","200506","TOR","Charlie Villanueva","UConn","63","1405","272","525","24","61","139","204","138","425","63","26","105","109","140","707","0.518","0.393","0.681","22.3","11.2","6.7","1"
"7","7","2005","200507","NYK","Channing Frye","Arizona","133","3686","707","1257","6","23","369","486","369","975","176","86","258","191","370","1789","0.562","0.261","0.759","27.7","13.5","7.3","1.3"
"8","8","2005","200508","GSW","Ike Diogu","Arizona State","91","3190","617","1080","41","106","671","854","306","802","113","39","153","305","258","1946","0.571","0.387","0.786","35.1","21.4","8.8","1.2"
"9","9","2005","200509","CHA","Sean May","UNC","77","2139","442","862","0","11","329","459","267","771","113","100","94","184","188","1213","0.513","0","0.717","27.8","15.8","10","1.5"
"10","10","2005","200510","MIN","Rashad McCants","UNC","98","2863","614","1263","221","533","272","377","147","398","204","145","61","220","237","1721","0.486","0.415","0.721","29.2","17.6","4.1","2.1"
"11","11","2005","200511","NJN","Antoine Wright","Texas A&M","87","2793","467","1134","181","482","223","344","122","487","184","95","50","198","222","1338","0.412","0.376","0.648","32.1","15.4","5.6","2.1"
"12","12","2005","200512","TOR","Joey Graham","Oklahoma State","128","3337","597","1132","71","188","402","497","211","667","210","100","33","279","371","1667","0.527","0.378","0.809","26.1","13","5.2","1.6"
"13","13","2005","200513","IND","Danny Granger","New Mexico","95","2695","529","1066","78","213","450","598","238","781","154","148","180","217","302","1586","0.496","0.366","0.753","28.4","16.7","8.2","1.6"
"14","14","2005","200514","MEM","Hakim Warrick","Syracuse","135","4186","767","1432","10","40","529","803","386","1025","207","131","128","313","328","2073","0.536","0.25","0.659","31","15.4","7.6","1.5"
"15","15","2005","200515","DEN","Julius Hodge","NC State","129","4258","665","1407","114","347","596","784","255","773","454","161","82","332","324","2040","0.473","0.329","0.76","33","15.8","6","3.5"
"16","16","2005","200516","PHO","Nate Robinson","Washington","89","2510","446","975","127","365","264","333","138","345","285","140","9","174","235","1283","0.457","0.348","0.793","28.2","14.4","3.9","3.2"
"17","17","2005","200517","DEN","Jarrett Jack","Georgia Tech","101","3260","406","850","93","259","360","452","44","450","543","183","11","332","202","1265","0.478","0.359","0.796","32.3","12.5","4.5","5.4"
"18","18","2005","200518","SAC","Francisco García","Louisville","98","2757","462","1031","180","488","309","364","113","379","346","145","134","233","261","1413","0.448","0.369","0.849","28.1","14.4","3.9","3.5"
"19","19","2005","200519","HOU","Luther Head","Illinois","128","3250","452","956","209","547","182","242","89","403","326","158","23","197","198","1295","0.473","0.382","0.752","25.4","10.1","3.1","2.5"
"20","20","2005","200520","DET","Jason Maxiell","Cincinnati","129","3563","562","1108","2","7","440","674","355","908","87","91","251","189","331","1566","0.507","0.286","0.653","27.6","12.1","7","0.7"
"21","21","2005","200521","POR","Linas Kleiza","Missouri","49","1408","229","555","39","136","210","297","122","385","66","27","14","116","143","707","0.413","0.287","0.707","28.7","14.4","7.9","1.3"
"22","22","2005","200522","MIA","Wayne Simien","Kansas","106","2817","585","1048","6","25","417","532","297","884","93","78","78","185","247","1593","0.558","0.24","0.784","26.6","15","8.3","0.9"
"23","23","2005","200523","NYK","David Lee","Florida","127","3171","543","935","0","6","350","514","285","869","251","113","109","263","281","1436","0.581","0","0.681","25","11.3","6.8","2"
"24","24","2005","200524","ATL","Salim Stoudamire","Arizona","129","3848","615","1306","342","747","388","446","47","283","256","99","8","262","281","1960","0.471","0.458","0.87","29.8","15.2","2.2","2"
"25","25","2005","200525","LAC","Daniel Ewing","Duke","138","3827","538","1246","217","554","302","405","117","382","293","191","24","258","365","1595","0.432","0.392","0.746","27.7","11.6","2.8","2.1"
"26","26","2005","200526","NOH","Brandon Bass","LSU","59","2020","302","559","17","45","269","345","153","486","42","45","104","109","132","890","0.54","0.378","0.78","34.2","15.1","8.2","0.7"
"27","27","2005","200527","LAL","Ronny Turiaf","Gonzaga","127","3239","538","1038","4","18","643","899","264","859","130","61","179","261","362","1723","0.518","0.222","0.715","25.5","13.6","6.8","1"
"28","28","2005","200528","ORL","Travis Diener","Marquette","120","3770","511","1228","284","687","385","460","64","373","617","158","8","230","251","1691","0.416","0.413","0.837","31.4","14.1","3.1","5.1"
"29","29","2005","200529","LAL","Von Wafer","Florida State","61","1318","214","528","108","296","79","118","22","133","84","54","13","85","83","615","0.405","0.365","0.669","21.6","10.1","2.2","1.4"
"30","30","2005","200530","GSW","Chris Taft","Pitt","65","1692","321","564","0","0","136","241","200","488","69","23","110","92","100","778","0.569","","0.564","26","12","7.5","1.1"
"31","31","2005","200531","MIN","Bracey Wright","Indiana","85","3035","469","1159","186","532","374","482","113","433","204","79","47","198","156","1498","0.405","0.35","0.776","35.7","17.6","5.1","2.4"
"32","32","2005","200532","BOS","Ryan Gomes","Providence","116","4077","784","1510","81","230","489","620","387","1028","270","181","50","267","244","2138","0.519","0.352","0.789","35.1","18.4","8.9","2.3"
"33","33","2005","200533","UTA","Robert Whaley","Walsh University","118","2920","774","1525","5","21","299","514","23","757","126","6","8","24","47","1852","0.508","0.238","0.582","24.7","15.7","6.4","1.1"
"34","34","2005","200534","BOS","Orien Greene","Louisiana","104","2567","258","631","97","307","119","164","98","355","326","207","33","223","286","732","0.409","0.316","0.726","24.7","7","3.4","3.1"
"35","35","2005","200535","NYK","Dijon Thompson","UCLA","117","3252","541","1167","133","367","243","311","159","546","239","133","37","285","213","1458","0.464","0.362","0.781","27.8","12.5","4.7","2"
"36","36","2005","200536","SEA","Lawrence Roberts","Mississippi State","118","3701","653","1426","61","202","575","872","408","1172","177","189","112","279","284","1942","0.458","0.302","0.659","31.4","16.5","9.9","1.5"
"37","37","2005","200537","DET","Alex Acker","Pepperdine","88","3023","449","983","120","292","255","310","136","495","249","133","38","230","167","1273","0.457","0.411","0.823","34.4","14.5","5.6","2.8"
"1","1","2006","200601","CHI","LaMarcus Aldridge","Texas","53","1602","276","471","0","0","161","248","178","434","34","67","97","87","141","713","0.586","","0.649","30.2","13.5","8.2","0.6"
"2","2","2006","200602","CHA","Adam Morrison","Gonzaga","95","2908","669","1329","128","348","401","527","124","485","188","66","35","164","164","1867","0.503","0.368","0.761","30.6","19.7","5.1","2"
"3","3","2006","200603","POR","Tyrus Thomas","LSU","32","829","152","250","1","1","90","137","90","295","42","33","99","59","82","395","0.608","1","0.657","25.9","12.3","9.2","1.3"
"4","4","2006","200604","ATL","Shelden Williams","Duke","139","3903","687","1202","4","12","550","792","447","1262","119","161","422","321","432","1928","0.572","0.333","0.694","28.1","13.9","9.1","0.9"
"5","5","2006","200605","MIN","Brandon Roy","Washington","103","2837","533","1041","53","154","358","468","185","517","308","103","49","217","221","1477","0.512","0.344","0.765","27.5","14.3","5","3"
"6","6","2006","200606","BOS","Randy Foye","Villanova","131","4096","682","1711","213","647","389","498","181","625","416","198","52","378","359","1966","0.399","0.329","0.781","31.3","15","4.8","3.2"
"7","7","2006","200607","HOU","Rudy Gay","UConn","64","1908","319","692","56","148","176","244","121","378","116","83","111","143","146","870","0.461","0.378","0.721","29.8","13.6","5.9","1.8"
"8","8","2006","200608","GSW","Patrick O'Bryant","Bradley","52","1265","241","435","0","0","123","179","135","408","38","46","147","100","163","605","0.554","","0.687","24.3","11.6","7.8","0.7"
"9","9","2006","200609","ORL","JJ Redick","Duke","139","4732","825","1906","457","1126","662","726","66","375","306","152","9","296","226","2769","0.433","0.406","0.912","34","19.9","2.7","2.2"
"10","10","2006","200610","NOK","Hilton Armstrong","UConn","131","1980","227","403","1","3","159","275","172","517","73","43","191","159","271","614","0.563","0.333","0.578","15.1","4.7","3.9","0.6"
"11","11","2006","200611","UTA","Ronnie Brewer","Arkansas","90","2974","493","1067","104","306","326","486","150","452","299","216","49","203","153","1416","0.462","0.34","0.671","33","15.7","5","3.3"
"12","12","2006","200612","NOK","Cedric Simmons","NC State","63","1189","170","301","2","4","144","221","79","260","68","26","115","82","157","486","0.565","0.5","0.652","18.9","7.7","4.1","1.1"
"13","13","2006","200613","CHI","Rodney Carney","Memphis","133","3670","659","1587","287","792","296","413","203","651","155","134","131","191","280","1901","0.415","0.362","0.717","27.6","14.3","4.9","1.2"
"14","14","2006","200614","IND","Shawne Williams","Memphis","36","1002","156","375","48","154","114","145","62","222","67","50","49","81","105","474","0.416","0.312","0.786","27.8","13.2","6.2","1.9"
"15","15","2006","200615","SAC","Quincy Douby","Rutgers University","95","3045","581","1344","251","646","277","338","68","274","257","121","62","205","172","1690","0.432","0.389","0.82","32.1","17.8","2.9","2.7"
"16","16","2006","200616","NYK","Renaldo Balkman","South Carolina","104","2193","317","573","16","55","121","227","222","550","176","123","112","172","219","771","0.553","0.291","0.533","21.1","7.4","5.3","1.7"
"17","17","2006","200617","PHO","Rajon Rondo","Kentucky","68","1908","249","505","28","99","128","222","57","306","285","156","13","148","133","654","0.493","0.283","0.577","28.1","9.6","4.5","4.2"
"18","18","2006","200618","NJN","Marcus Williams","UConn","70","1954","203","505","54","144","167","211","48","227","510","72","14","224","119","627","0.402","0.375","0.791","27.9","9","3.2","7.3"
"19","19","2006","200619","NJN","Josh Boone","UConn","103","2672","382","661","0","0","195","349","322","718","84","53","222","137","199","959","0.578","","0.559","25.9","9.3","7","0.8"
"20","20","2006","200620","MEM","Kyle Lowry","Villanova","57","1524","181","403","13","40","168","228","82","219","171","108","13","110","148","543","0.449","0.325","0.737","26.7","9.5","3.8","3"
"21","21","2006","200621","CLE","Shannon Brown","Michigan State","97","2712","416","910","110","302","241","290","99","329","188","124","11","197","184","1183","0.457","0.364","0.831","28","12.2","3.4","1.9"
"22","22","2006","200622","LAL","Jordan Farmar","UCLA","66","2122","292","712","97","291","200","263","39","196","342","82","12","248","140","881","0.41","0.333","0.76","32.2","13.3","3","5.2"
"23","23","2006","200623","DAL","Maurice Ager","Michigan State","124","3176","523","1185","202","532","306","395","99","424","181","62","39","210","240","1554","0.441","0.38","0.775","25.6","12.5","3.4","1.5"
"24","24","2006","200624","NYK","Mardy Collins","Temple","125","4683","718","1798","182","624","301","482","155","569","398","290","29","255","285","1919","0.399","0.292","0.624","37.5","15.4","4.6","3.2"
"25","25","2006","200625","POR","James White","Cincinnati","123","3336","428","963","120","357","294","375","129","520","316","117","75","248","276","1270","0.444","0.336","0.784","27.1","10.3","4.2","2.6"
"26","26","2006","200626","HOU","Steve Novak","Marquette","126","3401","485","1064","354","768","243","261","121","524","123","64","9","135","253","1567","0.456","0.461","0.931","27","12.4","4.2","1"
"27","27","2006","200627","ATL","Solomon Jones","South Florida","59","1838","216","428","0","2","149","215","154","470","61","38","153","161","200","581","0.505","0","0.693","31.2","9.8","8","1"
"28","28","2006","200628","LAC","Paul Davis","Michigan State","130","3349","614","1142","13","48","477","625","277","910","178","146","87","270","344","1718","0.538","0.271","0.763","25.8","13.2","7","1.4"
"29","29","2006","200629","TOR","P.J. Tucker","Texas","87","2518","438","832","2","4","291","409","267","714","170","116","23","191","218","1169","0.526","0.5","0.711","28.9","13.4","8.2","2"
"30","30","2006","200630","MIN","Craig Smith","Boston College","130","4415","921","1650","16","67","491","764","389","1114","245","167","100","293","374","2349","0.558","0.239","0.643","34","18.1","8.6","1.9"
"31","31","2006","200631","MIN","Bobby Jones","Washington","125","3013","424","847","65","177","313","443","256","617","153","134","59","168","439","1226","0.501","0.367","0.707","24.1","9.8","4.9","1.2"
"32","32","2006","200632","MIL","David Noel","UNC","127","2948","349","656","64","181","118","201","209","549","247","137","60","219","254","880","0.532","0.354","0.587","23.2","6.9","4.3","1.9"
"33","33","2006","200633","ORL","James Augustine","Illinois","137","3717","534","865","6","18","309","450","357","1023","148","141","139","199","356","1383","0.617","0.333","0.687","27.1","10.1","7.5","1.1"
"34","34","2006","200634","CLE","Daniel Gibson","Texas","68","2246","294","716","175","452","172","232","56","245","237","104","20","165","167","935","0.411","0.387","0.741","33","13.8","3.6","3.5"
"35","35","2006","200635","IND","Alexander Johnson","Florida State","92","1935","306","589","12","39","276","414","159","482","64","81","66","238","268","900","0.52","0.308","0.667","21","9.8","5.2","0.7"
"36","36","2006","200636","UTA","Dee Brown","Illinois","137","4698","638","1512","299","831","237","327","105","448","674","231","7","294","255","1812","0.422","0.36","0.725","34.3","13.2","3.3","4.9"
"37","37","2006","200637","UTA","Paul Millsap","Louisiana Tech","92","3240","658","1141","6","16","386","623","504","1172","87","121","183","224","289","1708","0.577","0.375","0.62","35.2","18.6","12.7","0.9"
"38","38","2006","200638","DEN","Leon Powe","California","54","1757","320","650","3","10","319","475","181","529","57","43","32","119","129","962","0.492","0.3","0.672","32.5","17.8","9.8","1.1"
"39","39","2006","200639","CHA","Ryan Hollins","UCLA","113","2282","225","391","1","1","191","323","178","455","40","25","101","156","274","642","0.575","1","0.591","20.2","5.7","4","0.4"
"40","40","2006","200640","LAC","Guillermo Díaz","Miami (FL)","93","3032","516","1152","174","458","271","366","83","313","238","123","25","193","165","1477","0.448","0.38","0.74","32.6","15.9","3.4","2.6"
"41","41","2006","200641","NJN","Hassan Adams","Arizona","130","3609","750","1503","75","241","243","345","319","706","259","238","85","255","263","1818","0.499","0.311","0.704","27.8","14","5.4","2"
"42","42","2006","200642","DET","Will Blalock","Iowa State","93","3193","393","933","100","274","192","267","54","287","464","177","10","236","151","1078","0.421","0.365","0.719","34.3","11.6","3.1","5"
"1","1","2007","200701","POR","Greg Oden","Ohio State","32","925","189","307","0","0","123","196","113","306","21","18","105","64","87","501","0.616","","0.628","28.9","15.7","9.6","0.7"
"2","2","2007","200702","SEA","Kevin Durant","Texas","35","1255","306","647","82","203","209","256","106","390","46","66","67","99","71","903","0.473","0.404","0.816","35.9","25.8","11.1","1.3"
"3","3","2007","200703","ATL","Al Horford","Florida","109","2798","424","724","0","4","275","444","254","864","187","94","189","173","270","1123","0.586","0","0.619","25.7","10.3","7.9","1.7"
"4","4","2007","200704","MEM","Mike Conley","Ohio State","39","1231","160","309","21","69","100","144","27","134","238","87","10","86","60","441","0.518","0.304","0.694","31.6","11.3","3.4","6.1"
"5","5","2007","200705","BOS","Jeff Green","Georgetown","102","3388","485","994","89","248","280","400","217","664","318","92","127","257","254","1339","0.488","0.359","0.7","33.2","13.1","6.5","3.1"
"6","6","2007","200706","MIN","Corey Brewer","Florida","108","2939","427","890","99","278","272","384","140","469","300","176","44","253","242","1225","0.48","0.356","0.708","27.2","11.3","4.3","2.8"
"7","7","2007","200707","CHA","Brandan Wright","UNC","37","1013","228","353","0","0","89","157","77","229","37","36","65","59","55","545","0.646","","0.567","27.4","14.7","6.2","1"
"8","8","2007","200708","CHI","Joakim Noah","Florida","108","2279","411","667","1","2","310","453","211","687","185","95","186","193","220","1133","0.616","0.5","0.684","21.1","10.5","6.4","1.7"
"9","9","2007","200709","SAC","Spencer Hawes","Washington","31","896","193","363","1","3","74","98","61","197","60","16","54","78","70","461","0.532","0.333","0.755","28.9","14.9","6.4","1.9"
"10","10","2007","200710","ATL","Acie Law","Texas A&M","122","3760","605","1298","114","319","345","454","56","379","545","156","2","299","323","1669","0.466","0.357","0.76","30.8","13.7","3.1","4.5"
"11","11","2007","200711","PHI","Thaddeus Young","Georgia Tech","31","917","177","370","39","93","52","70","72","151","63","39","12","67","61","445","0.478","0.419","0.743","29.6","14.4","4.9","2"
"12","12","2007","200712","NOK","Julian Wright","Kansas","71","1711","314","566","3","16","107","181","149","450","142","86","91","155","148","738","0.555","0.188","0.591","24.1","10.4","6.3","2"
"13","13","2007","200713","LAC","Al Thornton","Florida State","124","2723","546","1034","63","144","366","522","258","641","87","103","74","215","280","1521","0.528","0.438","0.701","22","12.3","5.2","0.7"
"14","14","2007","200714","DET","Rodney Stuckey","Eastern Washington","59","1955","477","1011","98","309","386","479","67","279","283","137","17","205","143","1438","0.472","0.317","0.806","33.1","24.4","4.7","4.8"
"15","15","2007","200715","WAS","Nick Young","USC","96","2990","553","1143","95","258","285","373","167","487","137","80","26","205","243","1486","0.484","0.368","0.764","31.1","15.5","5.1","1.4"
"16","16","2007","200716","NJN","Sean Williams","Boston College","69","1414","138","239","0","0","101","167","109","290","44","42","193","82","183","377","0.577","","0.605","20.5","5.5","4.2","0.6"
"17","17","2007","200717","LAL","Javaris Crittenton","Georgia Tech","32","1003","158","351","36","101","108","138","28","119","184","65","2","124","67","460","0.45","0.356","0.783","31.3","14.4","3.7","5.8"
"18","18","2007","200718","MIA","Jason Smith","Colorado State","87","2429","456","832","8","26","361","481","223","683","173","47","149","266","283","1281","0.548","0.308","0.751","27.9","14.7","7.9","2"
"19","19","2007","200719","PHI","Daequan Cook","Ohio State","39","770","141","317","54","130","46","66","28","167","40","28","10","56","66","382","0.445","0.415","0.697","19.7","9.8","4.3","1"
"20","20","2007","200720","CHA","Jared Dudley","Boston College","130","4727","689","1368","120","329","573","784","371","936","395","176","37","268","248","2071","0.504","0.365","0.731","36.4","15.9","7.2","3"
"21","21","2007","200721","NYK","Wilson Chandler","DePaul","59","1834","299","672","47","155","116","176","111","416","72","41","86","106","173","761","0.445","0.303","0.659","31.1","12.9","7.1","1.2"
"22","22","2007","200722","UTA","Morris Almond","Rice University","121","3279","627","1275","153","352","418","507","121","419","119","89","65","262","207","1825","0.492","0.435","0.824","27.1","15.1","3.5","1"
"23","23","2007","200723","HOU","Aaron Brooks","Oregon","115","3759","500","1164","205","548","306","367","86","397","470","127","16","303","265","1511","0.43","0.374","0.834","32.7","13.1","3.5","4.1"
"24","24","2007","200724","DET","Arron Afflalo","UCLA","104","3396","519","1135","209","560","293","375","64","360","202","64","20","205","216","1540","0.457","0.373","0.781","32.7","14.8","3.5","1.9"
"25","25","2007","200725","PHO","Alando Tucker","Wisconsin","134","4297","798","1663","101","329","520","817","314","769","213","104","29","229","210","2217","0.48","0.307","0.636","32.1","16.5","5.7","1.6"
"26","26","2007","200726","SEA","Carl Landry","Purdue","64","1915","403","669","10","43","359","503","194","453","78","65","52","184","192","1175","0.602","0.233","0.714","29.9","18.4","7.1","1.2"
"27","27","2007","200727","BOS","Gabe Pruitt","USC","80","2590","358","817","179","456","207","266","48","247","283","158","16","189","180","1102","0.438","0.393","0.778","32.4","13.8","3.1","3.5"
"28","28","2007","200728","SAS","Marcus Williams","Arizona","63","1939","355","748","53","149","164","231","124","354","128","65","41","139","126","927","0.475","0.356","0.71","30.8","14.7","5.6","2"
"29","29","2007","200729","DAL","Nick Fazekas","Nevada","131","3944","901","1695","116","340","546","670","330","1254","170","98","192","225","259","2464","0.532","0.341","0.815","30.1","18.8","9.6","1.3"
"30","30","2007","200730","SEA","Glen Davis","LSU","95","3036","566","1142","26","84","429","618","361","916","147","108","110","228","250","1587","0.496","0.31","0.694","32","16.7","9.6","1.5"
"31","31","2007","200731","GSW","Jermareo Davidson","Alabama","126","3611","474","1016","4","19","316","441","274","918","127","68","221","191","269","1268","0.467","0.211","0.717","28.7","10.1","7.3","1"
"32","32","2007","200732","POR","Josh McRoberts","Duke","69","2047","279","517","10","36","174","262","130","449","167","80","128","131","190","742","0.54","0.278","0.664","29.7","10.8","6.5","2.4"
"33","33","2007","200733","MIN","Chris Richard","Florida","141","2203","286","430","0","0","125","198","162","445","49","48","59","138","307","697","0.665","","0.631","15.6","4.9","3.2","0.3"
"34","34","2007","200734","POR","Derrick Byars","Vanderbilt","126","3311","496","1071","198","499","194","278","148","466","275","119","22","236","285","1384","0.463","0.397","0.698","26.3","11","3.7","2.2"
"35","35","2007","200735","GSW","Stéphane Lasme","UMass","118","2861","378","635","0","0","255","410","335","758","103","88","399","217","368","1011","0.595","","0.622","24.2","8.6","6.4","0.9"
"36","36","2007","200736","WAS","Dominic McGuire","Fresno State","86","2153","284","615","24","95","153","275","148","540","172","55","167","207","195","745","0.462","0.253","0.556","25","8.7","6.3","2"
"37","37","2007","200737","CHI","Aaron Gray","Pitt","113","2360","434","789","0","0","241","405","286","790","147","41","130","176","238","1109","0.55","","0.595","20.9","9.8","7","1.3"
"38","38","2007","200738","POR","Taurean Green","Florida","111","3236","317","791","186","478","354","413","29","242","400","124","7","282","174","1174","0.401","0.389","0.857","29.2","10.6","2.2","3.6"
"39","39","2007","200739","POR","Demetris Nichols","Syracuse","123","3171","471","1113","205","573","197","262","142","508","132","120","94","180","248","1344","0.423","0.358","0.752","25.8","10.9","4.1","1.1"
"40","40","2007","200740","MIL","Ramon Sessions","Nevada","97","2835","306","734","25","80","213","288","97","410","478","113","14","248","124","850","0.417","0.313","0.74","29.2","8.8","4.2","4.9"
"41","41","2007","200741","PHO","D.J. Strawberry","Maryland","111","2991","398","864","70","212","260","406","110","370","317","202","47","243","269","1126","0.461","0.33","0.64","26.9","10.1","3.3","2.9"
"1","1","2008","200801","CHI","Derrick Rose","Memphis","40","1168","208","436","35","104","146","205","54","181","189","48","15","107","68","597","0.477","0.337","0.712","29.2","14.9","4.5","4.7"
"2","2","2008","200802","MIA","Michael Beasley","Kansas State","33","1041","307","577","36","95","216","279","131","408","38","42","54","95","85","866","0.532","0.379","0.774","31.5","26.2","12.4","1.2"
"3","3","2008","200803","MIN","O.J. Mayo","USC","33","1216","237","536","88","215","122","152","35","150","109","51","13","117","80","684","0.442","0.409","0.803","36.8","20.7","4.5","3.3"
"4","4","2008","200804","SEA","Russell Westbrook","UCLA","75","1643","230","496","35","99","124","181","69","181","191","77","8","121","128","619","0.464","0.354","0.685","21.9","8.3","2.4","2.5"
"5","5","2008","200805","MEM","Kevin Love","UCLA","39","1156","227","406","29","82","198","258","142","415","75","27","56","78","73","681","0.559","0.354","0.767","29.6","17.5","10.6","1.9"
"6","6","2008","200806","LAC","Eric Gordon","Indiana","32","1110","184","425","70","208","231","277","23","104","78","42","20","115","69","669","0.433","0.337","0.834","34.7","20.9","3.3","2.4"
"7","7","2008","200807","MIL","Joe Alexander","West Virginia","82","2072","367","821","51","173","205","268","123","393","160","49","99","147","183","990","0.447","0.295","0.765","25.3","12.1","4.8","2"
"8","8","2008","200808","CHA","D.J. Augustin","Texas","73","2662","396","894","119","296","323","400","41","211","452","100","3","220","142","1234","0.443","0.402","0.808","36.5","16.9","2.9","6.2"
"9","9","2008","200809","NJN","Brook Lopez","Stanford","53","1485","324","675","3","21","198","259","122","377","57","27","101","112","137","849","0.48","0.143","0.764","28","16","7.1","1.1"
"10","10","2008","200810","IND","Jerryd Bayless","Arizona","30","1072","173","378","59","145","187","223","13","82","121","29","3","89","66","592","0.458","0.407","0.839","35.7","19.7","2.7","4"
"11","11","2008","200811","SAC","Jason Thompson","Rider University","122","3922","759","1443","30","103","492","738","369","1171","246","104","235","318","365","2040","0.526","0.291","0.667","32.1","16.7","9.6","2"
"12","12","2008","200812","POR","Brandon Rush","Kansas","109","3408","536","1193","205","471","200","273","163","602","222","76","89","230","159","1477","0.449","0.435","0.733","31.3","13.6","5.5","2"
"13","13","2008","200813","GSW","Anthony Randolph","LSU","31","1016","183","394","2","19","115","166","86","263","38","35","70","92","85","483","0.464","0.105","0.693","32.8","15.6","8.5","1.2"
"14","14","2008","200814","PHO","Robin Lopez","Stanford","67","1626","236","462","1","2","128","209","171","376","51","23","156","109","166","601","0.511","0.5","0.612","24.3","9","5.6","0.8"
"15","15","2008","200815","PHI","Marreese Speights","Florida","69","1063","273","431","0","0","110","160","131","376","36","23","64","79","120","656","0.633","","0.688","15.4","9.5","5.4","0.5"
"16","16","2008","200816","TOR","Roy Hibbert","Georgetown","136","3169","573","950","3","3","327","481","310","808","176","55","259","206","336","1476","0.603","1","0.68","23.3","10.9","5.9","1.3"
"17","17","2008","200817","WAS","JaVale McGee","Nevada","66","1232","234","432","16","45","90","175","114","314","23","32","122","105","135","574","0.542","0.356","0.514","18.7","8.7","4.8","0.3"
"18","18","2008","200818","CLE","J.J. Hickson","NC State","31","890","163","276","0","1","132","195","80","262","31","22","47","83","60","458","0.591","0","0.677","28.7","14.8","8.5","1"
"19","19","2008","200819","NJN","Ryan Anderson","California","66","2178","419","866","122","308","276","328","179","597","63","34","36","121","162","1236","0.484","0.396","0.841","33","18.7","9","1"
"20","20","2008","200820","ORL","Courtney Lee","Western Kentucky","127","3957","802","1729","245","611","389","476","215","663","281","242","78","321","321","2238","0.464","0.401","0.817","31.2","17.6","5.2","2.2"
"21","21","2008","200821","UTA","Kosta Koufos","Ohio State","37","1003","222","437","22","63","68","100","98","247","19","16","67","55","81","534","0.508","0.349","0.68","27.1","14.4","6.7","0.5"
"22","22","2008","200822","SAS","George Hill","IUPUI","95","3164","536","1013","90","223","457","582","183","547","317","155","29","241","267","1619","0.529","0.404","0.785","33.3","17","5.8","3.3"
"23","23","2008","200823","NOH","Darrell Arthur","Kansas","78","1710","369","682","2","17","144","213","170","427","50","53","109","127","221","884","0.541","0.118","0.676","21.9","11.3","5.5","0.6"
"24","24","2008","200824","MEM","Donté Greene","Syracuse","35","1253","218","521","90","261","94","133","60","251","71","45","57","91","101","620","0.418","0.345","0.707","35.8","17.7","7.2","2"
"25","25","2008","200825","DET","D.J. White","Indiana","99","3025","548","975","1","3","350","507","242","748","93","68","198","173","253","1447","0.562","0.333","0.69","30.6","14.6","7.6","0.9"
"26","26","2008","200826","BOS","J.R. Giddens","New Mexico","122","3533","618","1333","203","580","186","309","122","692","232","118","94","227","228","1625","0.464","0.35","0.602","29","13.3","5.7","1.9"
"27","27","2008","200827","SEA","Walter Sharpe","UAB","40","612","111","208","0","3","56","112","57","153","34","22","37","64","79","278","0.534","0","0.5","15.3","7","3.8","0.9"
"28","28","2008","200828","POR","Joey Dorsey","Memphis","149","3231","400","651","0","0","197","469","503","1209","81","160","264","196","463","997","0.614","","0.42","21.7","6.7","8.1","0.5"
"29","29","2008","200829","MIN","Mario Chalmers","Kansas","110","3137","444","914","180","430","273","356","33","309","420","283","44","259","269","1341","0.486","0.419","0.767","28.5","12.2","2.8","3.8"
"30","30","2008","200830","LAC","DeAndre Jordan","Texas A&M","35","703","113","183","0","0","52","119","66","210","15","7","44","57","67","278","0.617","","0.437","20.1","7.9","6","0.4"
"31","31","2008","200831","MIL","Luc Mbah a Moute","UCLA","107","3155","367","730","20","93","177","265","277","775","168","137","66","192","234","931","0.503","0.215","0.668","29.5","8.7","7.2","1.6"
"32","32","2008","200832","CHA","Kyle Weaver","Washington State","121","3602","402","866","43","155","315","440","154","570","465","188","93","320","244","1162","0.464","0.277","0.716","29.8","9.6","4.7","3.8"
"33","33","2008","200833","CHI","Sonny Weems","Arkansas","69","2153","358","757","93","254","112","146","111","319","162","90","23","183","135","921","0.473","0.366","0.767","31.2","13.3","4.6","2.3"
"34","34","2008","200834","NJN","Chris Douglas-Roberts","Memphis","109","2845","555","1028","73","196","362","499","134","398","183","114","49","217","209","1545","0.54","0.372","0.725","26.1","14.2","3.7","1.7"
"35","35","2008","200835","SAC","Sean Singletary","Virginia","123","4034","642","1583","222","614","573","677","120","490","587","200","7","402","326","2079","0.406","0.362","0.846","32.8","16.9","4","4.8"
"36","36","2008","200836","SAC","Patrick Ewing","Georgetown","127","2053","202","390","32","89","115","197","167","430","129","81","75","145","291","551","0.518","0.36","0.584","16.2","4.3","3.4","1"
"37","37","2008","200837","WAS","Henry Walker","Kansas State","37","985","207","454","35","123","117","161","87","223","64","31","17","92","118","566","0.456","0.285","0.727","26.6","15.3","6","1.7"
"38","38","2008","200838","PHO","Malik Hairston","Oregon","117","3655","612","1214","145","367","275","428","238","598","244","67","71","232","292","1644","0.504","0.395","0.643","31.2","14.1","5.1","2.1"
"39","39","2008","200839","MIA","Darnell Jackson","Kansas","125","2073","311","536","2","6","224","327","212","612","67","64","46","125","221","848","0.58","0.333","0.685","16.6","6.8","4.9","0.5"
"40","40","2008","200840","POR","Mike Taylor","Iowa State","31","1086","165","439","77","214","88","129","22","126","140","35","3","168","89","495","0.376","0.36","0.682","35","16","4.1","4.5"
"41","41","2008","200841","SEA","Sasha Kaun","Kansas","135","2224","331","583","0","0","168","328","209","526","44","50","150","107","304","830","0.568","","0.512","16.5","6.1","3.9","0.3"
"42","42","2008","200842","LAL","Joe Crawford","Kentucky","127","3213","512","1169","186","532","228","325","150","426","191","61","26","198","238","1438","0.438","0.35","0.702","25.3","11.3","3.4","1.5"
"1","1","2009","200901","LAC","Blake Griffin","Oklahoma","68","2102","484","783","3","10","307","521","243","805","141","72","69","192","171","1278","0.618","0.3","0.589","30.9","18.8","11.8","2.1"
"2","2","2009","200902","MEM","Hasheem Thabeet","UConn","100","2931","359","588","0","0","310","496","304","847","41","37","417","175","258","1028","0.611","","0.625","29.3","10.3","8.5","0.4"
"3","3","2009","200903","OKC","James Harden","Arizona State","69","2412","417","824","102","271","373","494","92","374","258","132","30","207","171","1309","0.506","0.376","0.755","35","19","5.4","3.7"
"4","4","2009","200904","SAC","Tyreke Evans","Memphis","37","1072","230","505","34","124","138","194","47","198","143","77","29","133","89","632","0.455","0.274","0.711","29","17.1","5.4","3.9"
"5","5","2009","200905","MIN","Jonny Flynn","Syracuse","73","2661","410","892","101","303","290","371","44","198","439","107","12","224","106","1211","0.46","0.333","0.782","36.5","16.6","2.7","6"
"6","6","2009","200906","GSW","Stephen Curry","Davidson","104","3387","871","1866","414","1004","479","547","81","473","388","221","28","314","253","2635","0.467","0.412","0.876","32.6","25.3","4.5","3.7"
"7","7","2009","200907","NYK","Jordan Hill","Arizona","97","2623","494","855","0","0","220","346","273","763","80","53","140","190","258","1208","0.578","","0.636","27","12.5","7.9","0.8"
"8","8","2009","200908","TOR","DeMar DeRozan","USC","35","1168","192","367","6","36","95","147","84","201","51","31","13","73","73","485","0.523","0.167","0.646","33.4","13.9","5.7","1.5"
"9","9","2009","200909","NJN","Terrence Williams","Louisville","140","4510","577","1444","195","609","216","367","206","970","546","210","90","329","265","1565","0.4","0.32","0.589","32.2","11.2","6.9","3.9"
"10","10","2009","200910","CHA","Gerald Henderson","Duke","103","2607","456","995","69","210","281","398","124","435","182","101","69","191","179","1262","0.458","0.329","0.706","25.3","12.3","4.2","1.8"
"11","11","2009","200911","IND","Tyler Hansbrough","UNC","142","4394","939","1752","12","38","982","1241","482","1219","154","180","66","297","348","2872","0.536","0.316","0.791","30.9","20.2","8.6","1.1"
"12","12","2009","200912","PHO","Earl Clark","Louisville","104","2779","419","897","56","188","210","328","223","728","179","93","124","223","172","1104","0.467","0.298","0.64","26.7","10.6","7","1.7"
"13","13","2009","200913","DET","Austin Daye","Gonzaga","67","1506","275","577","62","147","166","210","59","386","69","45","124","129","176","778","0.477","0.422","0.79","22.5","11.6","5.8","1"
"14","14","2009","200914","CHI","James Johnson","Wake Forest","61","1821","351","682","50","169","151","218","172","508","99","85","88","152","184","903","0.515","0.296","0.693","29.9","14.8","8.3","1.6"
"15","15","2009","200915","PHI","Jrue Holiday","UCLA","35","950","112","249","27","88","45","62","44","132","129","55","18","75","75","296","0.45","0.307","0.726","27.1","8.5","3.8","3.7"
"16","16","2009","200916","MIN","Ty Lawson","UNC","105","2835","463","896","112","278","337","432","65","303","608","184","10","219","205","1375","0.517","0.403","0.78","27","13.1","2.9","5.8"
"17","17","2009","200917","ATL","Jeff Teague","Wake Forest","61","1883","315","682","77","183","293","361","31","184","184","113","35","180","138","1000","0.462","0.421","0.812","30.9","16.4","3","3"
"18","18","2009","200918","UTA","Eric Maynor","VCU","130","3990","654","1457","142","384","503","636","70","442","674","168","20","318","258","1953","0.449","0.37","0.791","30.7","15","3.4","5.2"
"19","19","2009","200919","NOH","Darren Collison","UCLA","142","4151","563","1185","164","377","349","410","60","320","577","231","13","340","204","1639","0.475","0.435","0.851","29.2","11.5","2.3","4.1"
"20","20","2009","200920","DAL","Byron Mullens","Ohio State","33","671","120","188","0","1","52","93","55","154","9","16","37","51","68","292","0.638","0","0.559","20.3","8.8","4.7","0.3"
"21","21","2009","200921","CHI","Taj Gibson","USC","105","3435","502","866","0","0","303","482","304","896","142","77","253","260","328","1307","0.58","","0.629","32.7","12.4","8.5","1.4"
"22","22","2009","200922","MEM","DeMarre Carroll","Missouri","134","3277","599","1119","27","96","281","466","318","806","210","152","59","177","304","1506","0.535","0.281","0.603","24.5","11.2","6","1.6"
"23","23","2009","200923","MIN","Wayne Ellington","UNC","115","3278","616","1331","229","577","233","288","126","469","258","109","14","175","168","1694","0.463","0.397","0.809","28.5","14.7","4.1","2.2"
"24","24","2009","200924","LAL","Toney Douglas","Florida State","130","4452","739","1673","240","639","462","576","102","492","344","231","37","334","297","2180","0.442","0.376","0.802","34.2","16.8","3.8","2.6"
"25","25","2009","200925","SAC","Jeff Ayres","Arizona State","126","3801","611","1054","0","9","366","479","336","942","101","62","131","232","395","1588","0.58","0","0.764","30.2","12.6","7.5","0.8"
"26","26","2009","200926","WAS","Jermaine Taylor","Central Florida","122","3146","710","1524","251","668","308","403","185","471","173","115","49","263","206","1979","0.466","0.376","0.764","25.8","16.2","3.9","1.4"
"27","27","2009","200927","POR","Dante Cunningham","Villanova","139","3780","514","981","1","3","305","440","344","819","133","162","117","244","384","1334","0.524","0.333","0.693","27.2","9.6","5.9","1"
"28","28","2009","200928","DET","DaJuan Summers","Georgetown","101","2784","368","838","145","411","248","341","127","444","129","99","64","225","240","1129","0.439","0.353","0.727","27.6","11.2","4.4","1.3"
"29","29","2009","200929","MEM","Sam Young","Pitt","143","3642","716","1438","115","323","337","487","258","712","138","119","109","267","238","1884","0.498","0.356","0.692","25.5","13.2","5","1"
"30","30","2009","200930","SAS","DeJuan Blair","Pitt","72","1918","394","694","0","0","191","311","339","769","77","116","75","115","204","979","0.568","","0.614","26.6","13.6","10.7","1.1"
"31","31","2009","200931","POR","Jon Brockman","Washington","131","3760","718","1345","0","1","369","603","487","1283","133","111","18","271","370","1805","0.534","0","0.612","28.7","13.8","9.8","1"
"32","32","2009","200932","CHA","Derrick Brown","Xavier","106","2647","395","689","54","130","252","351","203","595","158","75","81","170","265","1096","0.573","0.415","0.718","25","10.3","5.6","1.5"
"33","33","2009","200933","MIL","Jodie Meeks","Kentucky","81","2243","385","883","177","459","299","336","56","247","130","86","8","148","132","1246","0.436","0.386","0.89","27.7","15.4","3","1.6"
"34","34","2009","200934","LAL","Patrick Beverley","Arkansas","70","2386","286","681","138","361","197","270","81","387","194","105","30","139","162","907","0.42","0.382","0.73","34.1","13","5.5","2.8"
"35","35","2009","200935","MIA","Marcus Thornton","LSU","66","2159","468","1028","168","440","243","315","134","366","117","99","23","132","134","1347","0.455","0.382","0.771","32.7","20.4","5.5","1.8"
"36","36","2009","200936","DET","Chase Budinger","Arizona","100","3541","599","1276","190","496","309","395","139","580","279","125","35","214","184","1697","0.469","0.383","0.782","35.4","17","5.8","2.8"
"37","37","2009","200937","MIN","Nick Calathes","Florida","72","2374","380","836","131","345","279","390","72","379","452","126","9","223","145","1170","0.455","0.38","0.715","33","16.3","5.3","6.3"
"38","38","2009","200938","CLE","Danny Green","UNC","145","2889","491","1079","184","491","202","239","204","590","256","160","154","209","277","1368","0.455","0.375","0.845","19.9","9.4","4.1","1.8"
"39","39","2009","200939","PHO","Taylor Griffin","Oklahoma","129","2883","298","637","13","59","245","340","224","617","133","116","98","181","326","854","0.468","0.22","0.721","22.3","6.6","4.8","1"
"40","40","2009","200940","IND","A.J. Price","UConn","99","2914","429","1039","158","433","268","371","79","332","469","104","5","235","136","1284","0.413","0.365","0.722","29.4","13","3.4","4.7"
"41","41","2009","200941","POR","Patty Mills","Saint Mary's","58","1894","324","780","128","387","174","216","26","129","212","114","9","166","93","950","0.415","0.331","0.806","32.7","16.4","2.2","3.7"
"42","42","2009","200942","BOS","Lester Hudson","University of Tennessee at Martin","65","2372","604","1324","230","619","289","337","142","513","283","169","40","232","173","1727","0.456","0.372","0.858","36.5","26.6","7.9","4.4"
"1","1","2010","201001","WAS","John Wall","Kentucky","37","1288","202","438","37","114","175","232","30","159","241","66","19","149","72","616","0.461","0.325","0.754","34.8","16.6","4.3","6.5"
"2","2","2010","201002","PHI","Evan Turner","Ohio State","101","3314","539","1073","54","149","385","508","151","682","414","159","74","352","273","1517","0.502","0.362","0.758","32.8","15","6.8","4.1"
"3","3","2010","201003","NJN","Derrick Favors","Georgia Tech","36","989","179","293","0","1","90","143","108","303","37","32","74","90","94","448","0.611","0","0.629","27.5","12.4","8.4","1"
"4","4","2010","201004","MIN","Wesley Johnson","Syracuse","93","2937","462","1017","130","373","239","311","209","650","150","106","108","200","210","1293","0.454","0.349","0.768","31.6","13.9","7","1.6"
"5","5","2010","201005","SAC","DeMarcus Cousins","Kentucky","38","893","206","369","1","6","162","268","154","374","38","37","67","78","122","575","0.558","0.167","0.604","23.5","15.1","9.8","1"
"6","6","2010","201006","GSW","Ekpe Udoh","Baylor","103","2806","343","726","13","45","168","259","259","650","154","79","292","151","230","867","0.472","0.289","0.649","27.2","8.4","6.3","1.5"
"7","7","2010","201007","DET","Greg Monroe","Georgetown","65","2122","345","635","9","33","243","359","136","531","207","99","97","189","164","942","0.543","0.273","0.677","32.6","14.5","8.2","3.2"
"8","8","2010","201008","LAC","Al-Farouq Aminu","Wake Forest","62","1869","313","657","25","105","241","351","204","585","87","74","82","180","172","892","0.476","0.238","0.687","30.1","14.4","9.4","1.4"
"9","9","2010","201009","UTA","Gordon Hayward","Butler","69","2284","298","634","116","314","280","340","118","512","125","88","60","138","142","992","0.47","0.369","0.824","33.1","14.4","7.4","1.8"
"10","10","2010","201010","IND","Paul George","Fresno State","63","2138","320","716","122","308","212","264","118","422","151","123","58","173","176","974","0.447","0.396","0.803","33.9","15.5","6.7","2.4"
"11","11","2010","201011","NOH","Cole Aldrich","Kansas","111","2330","391","681","0","0","256","351","250","860","72","59","253","133","230","1038","0.574","","0.729","21","9.4","7.7","0.6"
"12","12","2010","201012","MEM","Xavier Henry","Kansas","36","990","162","354","69","165","90","115","43","157","53","54","18","69","66","483","0.458","0.418","0.783","27.5","13.4","4.4","1.5"
"13","13","2010","201013","TOR","Ed Davis","UNC","61","1357","210","383","0","0","142","228","149","470","44","24","129","86","116","562","0.548","","0.623","22.2","9.2","7.7","0.7"
"14","14","2010","201014","HOU","Patrick Patterson","Kentucky","97","3295","617","1054","24","73","306","417","279","791","146","69","152","159","206","1564","0.585","0.329","0.734","34","16.1","8.2","1.5"
"15","15","2010","201015","MIL","Larry Sanders","VCU","101","2376","415","798","4","16","210","364","254","776","51","59","277","155","317","1044","0.52","0.25","0.577","23.5","10.3","7.7","0.5"
"16","16","2010","201016","MIN","Luke Babbitt","Nevada","68","2370","445","927","75","178","351","393","133","554","119","59","51","146","148","1316","0.48","0.421","0.893","34.9","19.4","8.1","1.8"
"17","17","2010","201017","OKC","Eric Bledsoe","Kentucky","37","1122","144","312","49","128","82","123","19","114","107","52","12","112","82","419","0.462","0.383","0.667","30.3","11.3","3.1","2.9"
"18","18","2010","201018","BOS","Avery Bradley","Texas","34","1003","159","368","42","112","36","66","33","98","71","44","18","52","80","396","0.432","0.375","0.545","29.5","11.6","2.9","2.1"
"19","19","2010","201019","SAS","James Anderson","Oklahoma State","101","3316","583","1268","225","600","420","527","196","513","163","112","60","212","214","1811","0.46","0.375","0.797","32.8","17.9","5.1","1.6"
"20","20","2010","201020","OKC","Craig Brackins","Iowa State","96","3052","572","1285","69","236","326","449","163","736","153","52","99","196","188","1539","0.445","0.292","0.726","31.8","16","7.7","1.6"
"21","21","2010","201021","POR","Elliot Williams","Memphis","68","1696","234","515","69","200","217","302","54","212","151","66","5","129","127","754","0.454","0.345","0.719","24.9","11.1","3.1","2.2"
"22","22","2010","201022","MIN","Trevor Booker","Clemson","134","3806","687","1228","23","71","328","526","400","1060","224","144","249","260","302","1725","0.559","0.324","0.624","28.4","12.9","7.9","1.7"
"23","23","2010","201023","ATL","Damion James","Texas","142","4156","705","1473","103","283","404","631","418","1318","163","137","163","259","391","1917","0.479","0.364","0.64","29.3","13.5","9.3","1.1"
"24","24","2010","201024","MEM","Dominique Jones","South Florida","95","3470","592","1339","160","495","453","615","142","517","328","144","39","249","245","1797","0.442","0.323","0.737","36.5","18.9","5.4","3.5"
"25","25","2010","201025","OKC","Quincy Pondexter","Washington","136","3715","652","1297","54","165","428","557","324","757","230","107","45","258","346","1786","0.503","0.327","0.768","27.3","13.1","5.6","1.7"
"26","26","2010","201026","NJN","Jordan Crawford","Xavier","65","1905","367","806","109","284","166","217","68","267","170","75","13","143","106","1009","0.455","0.384","0.765","29.3","15.5","4.1","2.6"
"27","27","2010","201027","MEM","Greivis Vásquez","Maryland","136","4568","751","1769","230","699","439","530","132","647","772","191","39","450","302","2171","0.425","0.329","0.828","33.6","16","4.8","5.7"
"28","28","2010","201028","ORL","Daniel Orton","Kentucky","38","502","48","91","0","2","33","63","45","126","15","21","53","38","88","129","0.527","0","0.524","13.2","3.4","3.3","0.4"
"29","29","2010","201029","WAS","Lazar Hayward","Marquette","138","3648","667","1476","169","473","356","451","298","910","122","158","43","230","371","1859","0.452","0.357","0.789","26.4","13.5","6.6","0.9"
"30","30","2010","201030","MIA","Dexter Pittman","Texas","134","1629","337","541","0","0","208","346","268","529","38","33","124","143","264","882","0.623","","0.601","12.2","6.6","3.9","0.3"
"31","31","2010","201031","SAC","Hassan Whiteside","Marshall","34","889","167","319","3","5","110","187","92","303","10","19","182","64","82","447","0.524","0.6","0.588","26.1","13.1","8.9","0.3"
"32","32","2010","201032","POR","Armon Johnson","Nevada","101","3299","546","1168","70","242","279","372","78","370","445","83","25","276","171","1441","0.467","0.289","0.75","32.7","14.3","3.7","4.4"
"33","33","2010","201033","MIL","Darington Hobson","New Mexico","35","1175","193","439","39","108","130","199","74","324","160","44","15","104","68","555","0.44","0.361","0.653","33.6","15.9","9.3","4.6"
"34","34","2010","201034","NYK","Andy Rautins","Syracuse","127","3096","360","908","282","754","119","156","51","327","347","172","22","221","236","1121","0.396","0.374","0.763","24.4","8.8","2.6","2.7"
"35","35","2010","201035","NYK","Landry Fields","Stanford","129","3041","499","1078","103","301","292","432","201","647","210","111","54","197","202","1393","0.463","0.342","0.676","23.6","10.8","5","1.6"
"36","36","2010","201036","IND","Lance Stephenson","Cincinnati","34","960","162","368","16","73","79","119","63","182","84","31","6","81","66","419","0.44","0.219","0.664","28.2","12.3","5.4","2.5"
"37","37","2010","201037","MIA","Jarvis Varnado","Mississippi State","141","3594","548","930","1","4","306","514","346","1096","89","76","564","191","344","1403","0.589","0.25","0.595","25.5","10","7.8","0.6"
"38","38","2010","201038","LAL","Devin Ebanks","West Virginia","69","2217","276","596","8","70","215","292","192","548","176","65","48","142","117","775","0.463","0.114","0.736","32.1","11.2","7.9","2.6"
"39","39","2010","201039","MIL","Jerome Jordan","Tulsa","133","3214","547","964","0","0","414","595","297","983","113","48","333","268","339","1508","0.567","","0.696","24.2","11.3","7.4","0.8"
"40","40","2010","201040","PHO","Gani Lawal","Georgia Tech","99","2403","446","814","0","3","275","498","268","712","43","59","127","211","240","1167","0.548","0","0.552","24.3","11.8","7.2","0.4"
"41","41","2010","201041","DAL","Solomon Alabi","Florida State","77","1692","270","506","0","1","164","220","162","415","28","39","159","128","158","704","0.534","0","0.745","22","9.1","5.4","0.4"
"42","42","2010","201042","BOS","Luke Harangody","Notre Dame","129","3769","936","1968","42","129","562","719","388","1222","210","99","95","231","315","2476","0.476","0.326","0.782","29.2","19.2","9.5","1.6"
"43","43","2010","201043","LAC","Willie Warren","Oklahoma","57","1806","278","606","97","277","215","273","32","149","199","62","3","160","129","868","0.459","0.35","0.788","31.7","15.2","2.6","3.5"
"44","44","2010","201044","UTA","Jeremy Evans","Western Kentucky","134","3150","427","668","12","33","199","291","321","788","72","84","224","136","328","1065","0.639","0.364","0.684","23.5","7.9","5.9","0.5"
"45","45","2010","201045","MIN","Hamady N'Diaye","Rutgers University","124","2744","267","495","0","2","184","311","219","681","48","47","358","169","333","718","0.539","0","0.592","22.1","5.8","5.5","0.4"
"46","46","2010","201046","IND","Ryan Reid","Florida State","126","2539","236","477","1","1","151","250","213","490","85","68","71","206","244","624","0.495","1","0.604","20.2","5","3.9","0.7"
"47","47","2010","201047","LAL","Derrick Caracter","Texas-El Paso","79","1553","314","558","5","16","177","282","186","440","51","53","61","170","241","810","0.563","0.313","0.628","19.7","10.3","5.6","0.6"
